timestamp,motor_current,temp,valve,ts
0.0,5.032308639400956,40.01845091037605,0,2025-11-21 08:39:11.881264
0.1,4.951754425762271,40.01482142449407,0,2025-11-21 08:39:11.981264
0.2,5.0144788225753425,40.00687748664755,0,2025-11-21 08:39:12.081264
0.30000000000000004,4.973851356521805,39.974105059815486,0,2025-11-21 08:39:12.181264
0.4,5.042570051268422,40.001404756573116,0,2025-11-21 08:39:12.281264
0.5,5.0106608634195275,40.0097395488175,0,2025-11-21 08:39:12.381264
0.6000000000000001,5.00722652076968,39.99912048196837,0,2025-11-21 08:39:12.481264
0.7000000000000001,5.018551019888101,39.989308206359844,0,2025-11-21 08:39:12.581264
0.8,5.089853466430179,40.00111606731675,0,2025-11-21 08:39:12.681264
0.9,5.044983833590547,40.00150558612427,0,2025-11-21 08:39:12.781264
1.0,5.125829468743454,39.980934612810096,0,2025-11-21 08:39:12.881264
1.1,4.9753587775957255,40.00996524670386,0,2025-11-21 08:39:12.981264
1.2000000000000002,5.078199553294387,39.99418587706792,0,2025-11-21 08:39:13.081264
1.3,5.1097822138390985,39.966714871945975,0,2025-11-21 08:39:13.181264
1.4000000000000001,5.1511436994074975,40.003275667473474,0,2025-11-21 08:39:13.281264
1.5,5.094054961827233,40.02070729604771,0,2025-11-21 08:39:13.381264
1.6,4.9682273118967135,39.99951839140926,0,2025-11-21 08:39:13.481264
1.7000000000000002,5.12717207852853,40.01583192194885,0,2025-11-21 08:39:13.581264
1.8,5.055915665203327,40.05667784976567,0,2025-11-21 08:39:13.681264
1.9000000000000001,5.184135625103127,40.02136586237634,0,2025-11-21 08:39:13.781264
2.0,5.118370183512263,40.03263049087705,0,2025-11-21 08:39:13.881264
2.1,5.085658527502019,39.991607623190276,0,2025-11-21 08:39:13.981264
2.2,5.11786908669214,40.00331585924283,0,2025-11-21 08:39:14.081264
2.3000000000000003,5.027609767434602,40.050135372978,0,2025-11-21 08:39:14.181264
2.4000000000000004,5.1528425325198475,40.00770806070964,0,2025-11-21 08:39:14.281264
2.5,5.112489347414533,40.03793301844346,0,2025-11-21 08:39:14.381264
2.6,5.130480509720009,39.991051870752095,0,2025-11-21 08:39:14.481264
2.7,5.044322843048733,40.019673639248246,0,2025-11-21 08:39:14.581264
2.8000000000000003,5.193930654425683,40.01444633982926,0,2025-11-21 08:39:14.681264
2.9000000000000004,5.209769710013835,40.005125296583074,0,2025-11-21 08:39:14.781264
3.0,5.128951829020462,39.99257239263264,0,2025-11-21 08:39:14.881264
3.1,5.220633382144462,40.0452272963407,0,2025-11-21 08:39:14.981264
3.2,5.179544405255207,40.02191690558021,0,2025-11-21 08:39:15.081264
3.3000000000000003,5.2717781208676096,40.03506103292186,0,2025-11-21 08:39:15.181264
3.4000000000000004,5.147711469152355,40.04144198032761,0,2025-11-21 08:39:15.281264
3.5,5.134752761119744,40.023489079978035,0,2025-11-21 08:39:15.381264
3.6,5.163775569185723,40.006669325617075,0,2025-11-21 08:39:15.481264
3.7,5.077805661506101,39.976020769875014,0,2025-11-21 08:39:15.581264
3.8000000000000003,5.1771115052508,40.0185870093001,0,2025-11-21 08:39:15.681264
3.9000000000000004,5.233940427310969,40.031825105379035,0,2025-11-21 08:39:15.781264
4.0,5.219267336988617,39.97017892730756,0,2025-11-21 08:39:15.881264
4.1000000000000005,5.24609250924395,40.01417863865753,0,2025-11-21 08:39:15.981264
4.2,5.191812689407186,40.03520846657907,0,2025-11-21 08:39:16.081264
4.3,5.24131120024674,40.01616697938383,0,2025-11-21 08:39:16.181264
4.4,5.2446558002830335,39.997453875253164,0,2025-11-21 08:39:16.281264
4.5,5.265855999604756,40.01952718018788,0,2025-11-21 08:39:16.381264
4.6000000000000005,5.224639881525432,40.03931220696095,0,2025-11-21 08:39:16.481264
4.7,5.261034437785745,40.016294020928704,0,2025-11-21 08:39:16.581264
4.800000000000001,5.282130265795588,40.02641182482681,0,2025-11-21 08:39:16.681264
4.9,5.249313064233641,39.99788729327433,0,2025-11-21 08:39:16.781264
5.0,8.229324229395036,40.034557823884086,1,2025-11-21 08:39:16.881264
5.1000000000000005,8.27667456506055,40.01771131075254,1,2025-11-21 08:39:16.981264
5.2,8.313133870315887,40.00786711829024,1,2025-11-21 08:39:17.081264
5.300000000000001,8.318930060793384,40.02629773885703,1,2025-11-21 08:39:17.181264
5.4,8.279545231423608,39.999092750202024,1,2025-11-21 08:39:17.281264
5.5,8.210923467567142,40.02762843208511,1,2025-11-21 08:39:17.381264
5.6000000000000005,8.185466297460561,40.01129016493762,1,2025-11-21 08:39:17.481264
5.7,8.282929736170797,40.02673094718696,1,2025-11-21 08:39:17.581264
5.800000000000001,8.286369561888309,40.01359800004665,1,2025-11-21 08:39:17.681264
5.9,8.306399079816277,40.00214690383171,1,2025-11-21 08:39:17.781264
6.0,8.243176708717366,40.045023798004706,1,2025-11-21 08:39:17.881264
6.1000000000000005,8.317588003306035,40.034485965638076,1,2025-11-21 08:39:17.981264
6.2,8.207522796306565,40.02387823600308,1,2025-11-21 08:39:18.081264
6.300000000000001,8.277534335788713,39.99504212712031,1,2025-11-21 08:39:18.181264
6.4,8.21995950723787,40.03083912728897,1,2025-11-21 08:39:18.281264
6.5,8.309261225296474,40.028080648042625,1,2025-11-21 08:39:18.381264
6.6000000000000005,8.312814935431078,40.060321741818825,1,2025-11-21 08:39:18.481264
6.7,8.249114911680824,40.016709118463254,1,2025-11-21 08:39:18.581264
6.800000000000001,8.305662301346537,40.038140514044514,1,2025-11-21 08:39:18.681264
6.9,8.366946107848275,40.05520733196528,1,2025-11-21 08:39:18.781264
7.0,8.294116559528618,40.03680921254287,1,2025-11-21 08:39:18.881264
7.1000000000000005,8.21131991879908,40.02365781007903,1,2025-11-21 08:39:18.981264
7.2,8.25900061610119,40.02857976543561,1,2025-11-21 08:39:19.081264
7.300000000000001,8.253569383698768,40.01150013068081,1,2025-11-21 08:39:19.181264
7.4,8.195112522609339,40.03692644963199,1,2025-11-21 08:39:19.281264
7.5,8.2520908192513,40.03064845277257,1,2025-11-21 08:39:19.381264
7.6000000000000005,8.244463688216436,40.03460227346247,1,2025-11-21 08:39:19.481264
7.7,8.243818166231973,40.03718983115871,1,2025-11-21 08:39:19.581264
7.800000000000001,8.294160004661283,40.01462052781973,1,2025-11-21 08:39:19.681264
7.9,8.317334465136568,40.061725185761134,1,2025-11-21 08:39:19.781264
8.0,8.385704787875483,40.03871810275264,1,2025-11-21 08:39:19.881264
8.1,8.378705209976527,40.043293590465666,1,2025-11-21 08:39:19.981264
8.200000000000001,8.264167123157328,40.015826321148324,1,2025-11-21 08:39:20.081264
8.3,8.284769970072322,40.0431748475088,1,2025-11-21 08:39:20.181264
8.4,8.288908772841246,40.085369678982104,1,2025-11-21 08:39:20.281264
8.5,8.231897176150643,40.040773332007156,1,2025-11-21 08:39:20.381264
8.6,8.224624106329188,40.02864764254733,1,2025-11-21 08:39:20.481264
8.700000000000001,8.303626897341942,40.08016652716448,1,2025-11-21 08:39:20.581264
8.8,8.279385847756851,40.0387015354085,1,2025-11-21 08:39:20.681264
8.9,8.212647331720303,40.100845750713916,1,2025-11-21 08:39:20.781264
9.0,8.301070955609365,40.06170072611623,1,2025-11-21 08:39:20.881264
9.1,8.204589362027413,40.08202172765489,1,2025-11-21 08:39:20.981264
9.200000000000001,8.286782518169128,40.03223718894725,1,2025-11-21 08:39:21.081264
9.3,8.35832285938407,40.01695250325893,1,2025-11-21 08:39:21.181264
9.4,8.304106080067704,40.0574260528869,1,2025-11-21 08:39:21.281264
9.5,8.416589776944225,40.04754644169894,1,2025-11-21 08:39:21.381264
9.600000000000001,8.357640643246175,40.07159845824432,1,2025-11-21 08:39:21.481264
9.700000000000001,8.264900656202178,40.029128885296856,1,2025-11-21 08:39:21.581264
9.8,8.23778925988703,40.04044733620179,1,2025-11-21 08:39:21.681264
9.9,8.246811361284234,40.046301339709366,1,2025-11-21 08:39:21.781264
